{
    "name": "application_information",
    "properties": {
        "linkedServiceName": {
            "referenceName": "basededados",
            "type": "LinkedServiceReference"
        },
        "annotations": [],
        "type": "DelimitedText",
        "typeProperties": {
            "location": {
                "type": "AzureBlobStorageLocation",
                "fileName": "applicationinformation.csv",
                "container": "testingstuff"
            },
            "columnDelimiter": ",",
            "escapeChar": "\\",
            "firstRowAsHeader": true,
            "quoteChar": "\""
        },
        "schema": [
            {
                "name": "appid",
                "type": "String"
            },
            {
                "name": "type",
                "type": "String"
            },
            {
                "name": "name",
                "type": "String"
            },
            {
                "name": "releasedate",
                "type": "String"
            },
            {
                "name": "freetoplay",
                "type": "String"
            }
        ]
    },
    "type": "Microsoft.DataFactory/factories/datasets"
}