{
    "now": "2021-11-04T18:30:49.389Z",
    "perfNow": 106706.10000000149,
    "diagnosticCorrelation": "e1041176-8655-4c9a-8e35-c23ef52eea5d",
    "source": "DownloadSupportFiles",
    "environment": {
        "productName": "adf",
        "buildVersion": "1.0.20211102.4",
        "environmentType": 3,
        "resourceName": "grupo-03",
        "resourceRegion": "eastus",
        "resourceGroup": "blueshift-academy",
        "subscriptionId": "e9f266b7-47a3-4c25-a8b7-522266df7180",
        "sessionId": "iGepT",
        "operationId": "XCser",
        "gitType": "live"
    },
    "additionalInfo": {
        "selectedResource": "blob_e_banco",
        "selectedResourceType": "pipeline"
    }
}